{"cameraMode":{"drawMode":0,"name":"Shaded","section":"Shading Mode"},"sceneLighting":true,"audioPlay":false,"sceneViewState":{"m_AlwaysRefresh":false,"showFog":true,"showSkybox":true,"showFlares":true,"showImageEffects":true,"showParticleSystems":true,"showVisualEffectGraphs":true,"m_FxEnabled":false},"in2DMode":false,"pivot":{"x":77.00296020507813,"y":-20.234474182128908,"z":268.0747375488281},"rotation":{"x":-0.08480581641197205,"y":0.8675740957260132,"z":-0.46365460753440859,"w":-0.15867608785629273},"size":34.006439208984378,"orthographic":false}