{"cameraMode":{"drawMode":0,"name":"Shaded","section":"Shading Mode"},"sceneLighting":true,"audioPlay":false,"sceneViewState":{"m_AlwaysRefresh":false,"showFog":true,"showSkybox":true,"showFlares":true,"showImageEffects":true,"showParticleSystems":true,"showVisualEffectGraphs":true,"m_FxEnabled":false},"in2DMode":false,"pivot":{"x":90.3510513305664,"y":-1.3599053621292115,"z":271.5473937988281},"rotation":{"x":0.0006477885763160884,"y":0.9707764387130737,"z":-0.24004551768302918,"w":0.0026218832936137916},"size":4.791851043701172,"orthographic":false}