{"cameraMode":{"drawMode":0,"name":"Shaded","section":"Shading Mode"},"sceneLighting":false,"audioPlay":false,"sceneViewState":{"m_AlwaysRefresh":false,"showFog":true,"showSkybox":false,"showFlares":true,"showImageEffects":true,"showParticleSystems":true,"showVisualEffectGraphs":true,"m_FxEnabled":false},"in2DMode":false,"pivot":{"x":84.5194091796875,"y":1.8521676063537598,"z":283.76177978515627},"rotation":{"x":0.04771828651428223,"y":0.8958848714828491,"z":-0.09931796044111252,"w":0.43044471740722659},"size":1.8558440208435059,"orthographic":false}